xmin,ymin,xmax,ymax,confidence,class,name,scalex,scaley,img_name,plate_number
115.9137954711914,155.29916381835938,275.7143249511719,236.91799926757807,0.7871496081352234,0,license-plate,1.9230769230769231,1.2019230769230769,test2.jpg,G 1023 XX
